date,time,implementation,threads,image_file,execution_ms,cpu_ms,avg_cpu_percent
2026-05-08,15:16:44.711482100,1,1,src.jpg,217.286,265.625,5.56
2026-05-08,15:16:50.395615600,1,1,src10K.jpg,4664.212,4375.000,4.26
2026-05-08,15:16:51.069114700,1,1,src2K.jpg,331.870,390.625,5.35
2026-05-08,15:16:52.671570300,1,1,src5K.jpg,1122.452,1078.125,4.37
2026-05-08,15:16:56.477375200,1,1,src7K.jpg,3105.953,3015.625,4.41
2026-05-08,15:16:57.033097400,2,1,src.jpg,221.384,265.625,5.45
2026-05-08,15:17:02.870117200,2,1,src10K.jpg,4762.024,4687.500,4.47
2026-05-08,15:17:03.548886500,2,1,src2K.jpg,323.691,359.375,5.05
2026-05-08,15:17:05.163806600,2,1,src5K.jpg,1110.642,1109.375,4.54
2026-05-08,15:17:09.067517300,2,1,src7K.jpg,3221.842,3046.875,4.30
2026-05-08,15:17:09.629296800,2,2,src.jpg,216.995,312.500,6.55
2026-05-08,15:17:15.017544900,2,2,src10K.jpg,4213.801,4640.625,5.01
2026-05-08,15:17:15.690055700,2,2,src2K.jpg,319.557,437.500,6.22
2026-05-08,15:17:17.178859300,2,2,src5K.jpg,1006.273,1171.875,5.29
2026-05-08,15:17:20.518605600,2,2,src7K.jpg,2655.225,3156.250,5.40
2026-05-08,15:17:21.057297200,2,4,src.jpg,224.089,375.000,7.61
2026-05-08,15:17:25.765620100,2,4,src10K.jpg,3653.455,4453.125,5.54
2026-05-08,15:17:26.475759,2,4,src2K.jpg,324.091,515.625,7.23
2026-05-08,15:17:27.976941400,2,4,src5K.jpg,998.734,1218.750,5.55
2026-05-08,15:17:31.065554300,2,4,src7K.jpg,2437.901,3156.250,5.88
2026-05-08,15:17:31.603061200,2,8,src.jpg,223.739,531.250,10.79
2026-05-08,15:17:36.224487500,2,8,src10K.jpg,3572.190,5046.875,6.42
2026-05-08,15:17:36.903114200,2,8,src2K.jpg,328.109,671.875,9.31
2026-05-08,15:17:38.242191,2,8,src5K.jpg,884.760,1562.500,8.03
2026-05-08,15:17:41.342095500,2,8,src7K.jpg,2443.966,3296.875,6.13
2026-05-08,15:17:41.863836600,2,16,src.jpg,227.201,1109.375,22.19
2026-05-08,15:17:46.461718900,2,16,src10K.jpg,3550.614,5593.750,7.16
2026-05-08,15:17:47.182672500,2,16,src2K.jpg,333.658,1187.500,16.18
2026-05-08,15:17:48.546495600,2,16,src5K.jpg,891.025,2234.375,11.40
2026-05-08,15:17:51.686675500,2,16,src7K.jpg,2451.004,4546.875,8.43
2026-05-08,15:17:52.239162900,3,1,src.jpg,207.529,218.750,4.79
2026-05-08,15:17:57.826463300,3,1,src10K.jpg,4552.599,4546.875,4.54
2026-05-08,15:17:58.579342800,3,1,src2K.jpg,329.191,359.375,4.96
2026-05-08,15:18:00.178276700,3,1,src5K.jpg,1103.317,1109.375,4.57
2026-05-08,15:18:03.889299200,3,1,src7K.jpg,2993.293,2937.500,4.46
2026-05-08,15:18:04.464414700,3,2,src.jpg,213.449,296.875,6.32
2026-05-08,15:18:09.379665600,3,2,src10K.jpg,3886.811,4390.625,5.13
2026-05-08,15:18:10.074321500,3,2,src2K.jpg,326.277,359.375,5.01
2026-05-08,15:18:11.539932800,3,2,src5K.jpg,988.056,1203.125,5.53
2026-05-08,15:18:15.062467500,3,2,src7K.jpg,2882.085,3234.375,5.10
2026-05-08,15:18:15.600537400,3,4,src.jpg,215.055,296.875,6.27
2026-05-08,15:18:20.190249800,3,4,src10K.jpg,3550.328,4453.125,5.70
2026-05-08,15:18:20.871814900,3,4,src2K.jpg,333.621,437.500,5.96
2026-05-08,15:18:22.210624,3,4,src5K.jpg,888.153,1187.500,6.08
2026-05-08,15:18:25.326319900,3,4,src7K.jpg,2436.988,3125.000,5.83
2026-05-08,15:18:25.875998200,3,8,src.jpg,218.860,531.250,11.03
2026-05-08,15:18:30.467197500,3,8,src10K.jpg,3557.047,5093.750,6.51
2026-05-08,15:18:31.179458900,3,8,src2K.jpg,338.155,609.375,8.19
2026-05-08,15:18:32.565070800,3,8,src5K.jpg,895.328,1656.250,8.41
2026-05-08,15:18:35.543868900,3,8,src7K.jpg,2328.332,3375.000,6.59
2026-05-08,15:18:36.175185300,3,16,src.jpg,325.878,1203.125,16.78
2026-05-08,15:18:40.668383200,3,16,src10K.jpg,3444.433,5062.500,6.68
2026-05-08,15:18:41.378442400,3,16,src2K.jpg,324.688,1375.000,19.25
2026-05-08,15:18:42.755329100,3,16,src5K.jpg,895.709,1718.750,8.72
2026-05-08,15:18:45.906704300,3,16,src7K.jpg,2440.914,3781.250,7.04
2026-05-08,15:18:46.480404900,4,1,src.jpg,218.461,265.625,5.53
2026-05-08,15:18:52.139567600,4,1,src10K.jpg,4550.723,4593.750,4.59
2026-05-08,15:18:52.825317200,4,1,src2K.jpg,337.376,390.625,5.26
2026-05-08,15:18:54.465204700,4,1,src5K.jpg,1108.359,1171.875,4.81
2026-05-08,15:18:58.147575600,4,1,src7K.jpg,2993.879,3062.500,4.65
2026-05-08,15:18:58.696426900,4,2,src.jpg,225.414,328.125,6.62
2026-05-08,15:19:03.603904400,4,2,src10K.jpg,3894.851,4578.125,5.34
2026-05-08,15:19:04.301539600,4,2,src2K.jpg,339.668,375.000,5.02
2026-05-08,15:19:05.708520100,4,2,src5K.jpg,894.095,1156.250,5.88
2026-05-08,15:19:09.060247,4,2,src7K.jpg,2659.304,3109.375,5.31
2026-05-08,15:19:09.674837600,4,4,src.jpg,229.000,531.250,10.54
2026-05-08,15:19:14.365038100,4,4,src10K.jpg,3657.549,4656.250,5.79
2026-05-08,15:19:15.040976600,4,4,src2K.jpg,334.603,531.250,7.22
2026-05-08,15:19:16.458636500,4,4,src5K.jpg,880.891,1281.250,6.61
2026-05-08,15:19:19.736875400,4,4,src7K.jpg,2558.784,3234.375,5.75
2026-05-08,15:19:20.284302100,4,8,src.jpg,216.090,671.875,14.13
2026-05-08,15:19:24.875934300,4,8,src10K.jpg,3549.819,5281.250,6.76
2026-05-08,15:19:25.554582300,4,8,src2K.jpg,331.324,609.375,8.36
2026-05-08,15:19:26.904175900,4,8,src5K.jpg,887.355,1468.750,7.52
2026-05-08,15:19:30.038982400,4,8,src7K.jpg,2440.073,3687.500,6.87
2026-05-08,15:19:30.576725,4,16,src.jpg,217.411,750.000,15.68
2026-05-08,15:19:35.172927400,4,16,src10K.jpg,3545.420,5578.125,7.15
2026-05-08,15:19:35.861152200,4,16,src2K.jpg,324.333,421.875,5.91
2026-05-08,15:19:37.212561300,4,16,src5K.jpg,882.148,1609.375,8.29
2026-05-08,15:19:40.302524900,4,16,src7K.jpg,2446.543,4203.125,7.81
2026-05-08,15:19:40.825338700,5,1,src.jpg,219.966,281.250,5.81
2026-05-08,15:19:46.424811200,5,1,src10K.jpg,4551.165,4546.875,4.54
2026-05-08,15:19:47.139007800,5,1,src2K.jpg,332.934,312.500,4.27
2026-05-08,15:19:48.728813400,5,1,src5K.jpg,1109.650,1093.750,4.48
2026-05-08,15:19:52.483375500,5,1,src7K.jpg,3084.344,3125.000,4.61
2026-05-08,15:19:53.086946900,5,2,src.jpg,227.135,234.375,4.69
2026-05-08,15:19:58.017380800,5,2,src10K.jpg,3891.936,4468.750,5.22
2026-05-08,15:19:58.707428900,5,2,src2K.jpg,326.268,375.000,5.22
2026-05-08,15:20:00.216648600,5,2,src5K.jpg,995.501,1140.625,5.21
2026-05-08,15:20:03.605541400,5,2,src7K.jpg,2675.001,3046.875,5.18
2026-05-08,15:20:04.177867300,5,4,src.jpg,214.781,343.750,7.27
2026-05-08,15:20:08.848799200,5,4,src10K.jpg,3651.913,4562.500,5.68
2026-05-08,15:20:09.523490100,5,4,src2K.jpg,332.709,546.875,7.47
2026-05-08,15:20:10.879084300,5,4,src5K.jpg,889.198,1187.500,6.07
2026-05-08,15:20:13.990926800,5,4,src7K.jpg,2443.675,3234.375,6.02
2026-05-08,15:20:14.527399200,5,8,src.jpg,212.612,531.250,11.36
2026-05-08,15:20:18.967701800,5,8,src10K.jpg,3435.980,4859.375,6.43
2026-05-08,15:20:19.638050100,5,8,src2K.jpg,328.318,625.000,8.65
2026-05-08,15:20:20.987621700,5,8,src5K.jpg,891.672,1406.250,7.17
2026-05-08,15:20:24.103427900,5,8,src7K.jpg,2427.121,3625.000,6.79
2026-05-08,15:20:24.662342100,5,16,src.jpg,225.236,921.875,18.60
2026-05-08,15:20:29.112125900,5,16,src10K.jpg,3445.095,4968.750,6.56
2026-05-08,15:20:29.795031900,5,16,src2K.jpg,337.288,1265.625,17.06
2026-05-08,15:20:31.137073500,5,16,src5K.jpg,878.903,1640.625,8.48
2026-05-08,15:20:34.246397500,5,16,src7K.jpg,2438.305,4328.125,8.07
